﻿Date,Exercise,Type,Exercise Calories,Exercise Minutes,Sets,Reps Per Set,Kilograms,Steps,Note
2016-03-13,Fitbit calorie adjustment,Cardio,894.0,1,,,,,
2016-03-14,Fitbit calorie adjustment,Cardio,181.0,1,,,,,
2016-03-15,Fitbit calorie adjustment,Cardio,976.0,1,,,,,
2016-03-16,Fitbit calorie adjustment,Cardio,394.0,1,,,,,
2016-03-17,Fitbit calorie adjustment,Cardio,838.0,1,,,,,
2016-03-18,Fitbit calorie adjustment,Cardio,151.0,1,,,,,
2016-03-19,Fitbit calorie adjustment,Cardio,576.0,1,,,,,
2016-03-20,Fitbit calorie adjustment,Cardio,1345.0,1,,,,,
2016-03-21,Fitbit calorie adjustment,Cardio,997.0,1,,,,,
2016-03-22,Fitbit calorie adjustment,Cardio,301.0,1,,,,,
2016-03-23,Fitbit calorie adjustment,Cardio,680.0,1,,,,,
2016-03-24,Fitbit calorie adjustment,Cardio,174.0,1,,,,,
2016-03-25,Fitbit calorie adjustment,Cardio,1768.0,1,,,,,
2016-03-26,Fitbit calorie adjustment,Cardio,612.0,1,,,,,
2016-03-27,Fitbit calorie adjustment,Cardio,130.0,1,,,,,
2016-03-28,Fitbit calorie adjustment,Cardio,369.0,1,,,,,
2016-03-29,Fitbit calorie adjustment,Cardio,919.0,1,,,,,
2016-03-30,Fitbit calorie adjustment,Cardio,1283.0,1,,,,,
2016-03-31,Fitbit calorie adjustment,Cardio,167.0,1,,,,,
2016-04-01,Fitbit calorie adjustment,Cardio,337.0,1,,,,,
2016-04-02,Fitbit calorie adjustment,Cardio,388.0,1,,,,,
2016-04-03,Fitbit calorie adjustment,Cardio,88.0,1,,,,,
2016-04-04,Fitbit calorie adjustment,Cardio,0.0,1,,,,,
2016-04-05,Fitbit calorie adjustment,Cardio,1194.0,1,,,,,
2016-04-06,Fitbit calorie adjustment,Cardio,343.0,1,,,,,
2016-04-07,Fitbit calorie adjustment,Cardio,455.0,1,,,,,
2016-04-08,Fitbit calorie adjustment,Cardio,650.0,1,,,,,
2016-04-09,Fitbit calorie adjustment,Cardio,654.0,1,,,,,
2016-04-10,Fitbit calorie adjustment,Cardio,613.0,1,,,,,
2016-04-11,Fitbit calorie adjustment,Cardio,976.0,1,,,,,
2016-04-12,Fitbit calorie adjustment,Cardio,228.0,1,,,,,
2016-04-13,Fitbit calorie adjustment,Cardio,854.0,1,,,,,
2016-04-14,Fitbit calorie adjustment,Cardio,187.0,1,,,,,
2016-04-15,Fitbit calorie adjustment,Cardio,558.0,1,,,,,
2016-04-16,Fitbit calorie adjustment,Cardio,114.0,1,,,,,
2016-04-17,Fitbit calorie adjustment,Cardio,2188.0,1,,,,,
2016-04-18,Fitbit calorie adjustment,Cardio,965.0,1,,,,,
2016-04-19,Fitbit calorie adjustment,Cardio,808.0,1,,,,,
2016-04-20,Fitbit calorie adjustment,Cardio,899.0,1,,,,,
2016-04-21,Fitbit calorie adjustment,Cardio,627.0,1,,,,,
2016-04-22,Fitbit calorie adjustment,Cardio,952.0,1,,,,,
2016-04-23,Fitbit calorie adjustment,Cardio,810.0,1,,,,,
2016-04-24,Fitbit calorie adjustment,Cardio,319.0,1,,,,,
2016-04-25,Fitbit calorie adjustment,Cardio,576.0,1,,,,,
2016-04-26,Fitbit calorie adjustment,Cardio,497.0,1,,,,,
2016-04-27,Fitbit calorie adjustment,Cardio,473.0,1,,,,,
2016-04-28,Fitbit calorie adjustment,Cardio,199.0,1,,,,,
2016-04-29,Fitbit calorie adjustment,Cardio,597.0,1,,,,,
2016-04-30,Fitbit calorie adjustment,Cardio,863.0,1,,,,,
2016-05-01,Fitbit calorie adjustment,Cardio,1048.0,1,,,,,
2016-05-02,Fitbit calorie adjustment,Cardio,247.0,1,,,,,
2016-05-03,Fitbit calorie adjustment,Cardio,541.0,1,,,,,
2016-05-04,Fitbit calorie adjustment,Cardio,1096.0,1,,,,,
2016-05-05,Fitbit calorie adjustment,Cardio,921.0,1,,,,,
2016-05-06,Fitbit calorie adjustment,Cardio,1083.0,1,,,,,
2016-05-07,Fitbit calorie adjustment,Cardio,1888.0,1,,,,,
2016-05-08,Fitbit calorie adjustment,Cardio,1457.0,1,,,,,
2016-05-09,Fitbit calorie adjustment,Cardio,758.0,1,,,,,
2016-05-10,Fitbit calorie adjustment,Cardio,115.0,1,,,,,
2016-05-11,Fitbit calorie adjustment,Cardio,945.0,1,,,,,
2016-05-12,Fitbit calorie adjustment,Cardio,494.0,1,,,,,
2016-05-13,Fitbit calorie adjustment,Cardio,0.0,1,,,,,
2016-05-14,Fitbit calorie adjustment,Cardio,1077.0,1,,,,,
2016-05-15,Fitbit calorie adjustment,Cardio,759.0,1,,,,,
2016-05-16,Fitbit calorie adjustment,Cardio,208.0,1,,,,,
2016-05-17,Fitbit calorie adjustment,Cardio,0.0,1,,,,,
2016-05-18,Fitbit calorie adjustment,Cardio,830.0,1,,,,,
2016-05-19,Fitbit calorie adjustment,Cardio,251.0,1,,,,,
2016-05-20,Fitbit calorie adjustment,Cardio,41.0,1,,,,,
2016-05-21,Fitbit calorie adjustment,Cardio,429.0,1,,,,,
2016-05-22,Fitbit calorie adjustment,Cardio,1144.0,1,,,,,
2016-05-23,Fitbit calorie adjustment,Cardio,1330.0,1,,,,,
2016-05-24,Fitbit calorie adjustment,Cardio,572.0,1,,,,,
2016-05-25,Fitbit calorie adjustment,Cardio,767.0,1,,,,,
2016-05-26,Fitbit calorie adjustment,Cardio,1154.0,1,,,,,
2016-05-27,Fitbit calorie adjustment,Cardio,834.0,1,,,,,
2016-05-28,Fitbit calorie adjustment,Cardio,10.0,1,,,,,
2016-05-29,Fitbit calorie adjustment,Cardio,676.0,1,,,,,
2016-05-30,Fitbit calorie adjustment,Cardio,852.0,1,,,,,
2016-05-31,Fitbit calorie adjustment,Cardio,86.0,1,,,,,
2016-06-01,Fitbit calorie adjustment,Cardio,0.0,1,,,,,
2016-06-02,Fitbit calorie adjustment,Cardio,618.0,1,,,,,
2016-06-03,Fitbit calorie adjustment,Cardio,532.0,1,,,,,
2016-06-04,Fitbit calorie adjustment,Cardio,1066.0,1,,,,,
2016-06-05,Fitbit calorie adjustment,Cardio,1515.0,1,,,,,
2016-06-06,Fitbit calorie adjustment,Cardio,630.0,1,,,,,
2016-06-07,Fitbit calorie adjustment,Cardio,459.0,1,,,,,
2016-06-08,Fitbit calorie adjustment,Cardio,1018.0,1,,,,,
2016-06-09,Fitbit calorie adjustment,Cardio,0.0,1,,,,,
2016-06-10,Fitbit calorie adjustment,Cardio,1384.0,1,,,,,
2016-06-10,Fitbit calorie adjustment,Cardio,1497.0,1,,,,,
2016-06-11,Fitbit calorie adjustment,Cardio,943.0,1,,,,,
2016-06-12,Fitbit calorie adjustment,Cardio,499.0,1,,,,,
2016-06-13,Fitbit calorie adjustment,Cardio,557.0,1,,,,,
2016-06-14,Fitbit calorie adjustment,Cardio,917.0,1,,,,,
2016-06-15,Fitbit calorie adjustment,Cardio,650.0,1,,,,,
2016-06-16,Fitbit calorie adjustment,Cardio,594.0,1,,,,,
2016-06-17,Fitbit calorie adjustment,Cardio,518.0,1,,,,,
2016-06-18,Fitbit calorie adjustment,Cardio,236.0,1,,,,,
2016-06-18,"Walking, 3.0 mph, mod. pace, walking dog",Cardio,250.0,65,,,,,
2016-06-19,Fitbit calorie adjustment,Cardio,496.0,1,,,,,
2016-06-20,Fitbit calorie adjustment,Cardio,0.0,1,,,,,
2016-06-21,Chin-Ups,Strength,,,2,5,100.0,,
2016-06-21,Fitbit calorie adjustment,Cardio,217.0,1,,,,,
2016-06-21,"Walking, 3.0 mph, mod. pace, walking dog",Cardio,450.0,65,,,,,
2016-06-22,Fitbit calorie adjustment,Cardio,873.0,1,,,,,
2016-06-23,Fitbit calorie adjustment,Cardio,854.0,1,,,,,
2016-06-24,Fitbit calorie adjustment,Cardio,547.0,1,,,,,
2016-06-25,Fitbit calorie adjustment,Cardio,223.0,1,,,,,
2016-06-26,Fitbit calorie adjustment,Cardio,601.0,1,,,,,
2016-06-26,"Walking, 3.0 mph, mod. pace, walking dog",Cardio,450.0,65,,,,,
2016-06-27,Fitbit calorie adjustment,Cardio,-59.0,1,,,,,
2016-06-27,"Walking, 3.0 mph, mod. pace, walking dog",Cardio,200.0,65,,,,,
2016-06-28,Fitbit calorie adjustment,Cardio,-65.0,1,,,,,
2016-06-28,"Walking, 3.0 mph, mod. pace, walking dog",Cardio,100.0,65,,,,,
2016-06-29,Fitbit calorie adjustment,Cardio,903.0,1,,,,,
2016-06-30,Fitbit calorie adjustment,Cardio,816.0,1,,,,,
2016-07-01,Fitbit calorie adjustment,Cardio,718.0,1,,,,,
2016-07-02,Fitbit calorie adjustment,Cardio,658.0,1,,,,,
2016-07-03,Fitbit calorie adjustment,Cardio,246.0,1,,,,,
2016-07-04,Fitbit calorie adjustment,Cardio,915.0,1,,,,,
2016-07-05,Fitbit calorie adjustment,Cardio,739.0,1,,,,,
2016-07-06,Fitbit calorie adjustment,Cardio,1395.0,1,,,,,
2016-07-07,Fitbit calorie adjustment,Cardio,961.0,1,,,,,
2016-07-08,Fitbit calorie adjustment,Cardio,1553.0,1,,,,,
2016-07-09,Fitbit calorie adjustment,Cardio,531.0,1,,,,,
2016-07-10,Fitbit calorie adjustment,Cardio,837.0,1,,,,,
2016-07-11,Fitbit calorie adjustment,Cardio,745.0,1,,,,,
2016-07-12,Fitbit calorie adjustment,Cardio,1088.0,1,,,,,
2016-07-13,Fitbit calorie adjustment,Cardio,692.0,1,,,,,
2016-07-14,Fitbit calorie adjustment,Cardio,225.0,1,,,,,
2016-07-15,Fitbit calorie adjustment,Cardio,1187.0,1,,,,,
2016-07-16,Fitbit calorie adjustment,Cardio,939.0,1,,,,,
2016-07-16,"Walking, 3.0 mph, mod. pace, walking dog",Cardio,193.0,40,,,,,
2016-07-17,Fitbit calorie adjustment,Cardio,599.0,1,,,,,
2016-07-18,Fitbit calorie adjustment,Cardio,869.0,1,,,,,
2016-07-19,Fitbit calorie adjustment,Cardio,230.0,1,,,,,
2016-07-20,Fitbit calorie adjustment,Cardio,775.0,1,,,,,
2016-07-21,Fitbit calorie adjustment,Cardio,1227.0,1,,,,,
2016-07-22,Fitbit calorie adjustment,Cardio,592.0,1,,,,,
2016-07-23,Fitbit calorie adjustment,Cardio,696.0,1,,,,,
2016-07-24,Fitbit calorie adjustment,Cardio,594.0,1,,,,,
2016-07-25,Fitbit calorie adjustment,Cardio,43.0,1,,,,,
2016-07-26,Fitbit calorie adjustment,Cardio,898.0,1,,,,,
2016-07-27,Fitbit calorie adjustment,Cardio,1162.0,1,,,,,
2016-07-28,Fitbit calorie adjustment,Cardio,217.0,1,,,,,
2016-07-28,"Walking, 3.0 mph, mod. pace, walking dog",Cardio,604.0,125,,,,,
2016-07-29,Fitbit calorie adjustment,Cardio,1215.0,1,,,,,
2016-07-30,Fitbit calorie adjustment,Cardio,637.0,1,,,,,
2016-07-31,Fitbit calorie adjustment,Cardio,503.0,1,,,,,
2016-08-01,Fitbit calorie adjustment,Cardio,903.0,1,,,,,
2016-08-02,Fitbit calorie adjustment,Cardio,566.0,1,,,,,
2016-08-03,Fitbit calorie adjustment,Cardio,1160.0,1,,,,,
2016-08-04,Fitbit calorie adjustment,Cardio,380.0,1,,,,,
2016-08-04,"Walking, 3.0 mph, mod. pace, walking dog",Cardio,483.0,100,,,,,
2016-08-05,Fitbit calorie adjustment,Cardio,521.0,1,,,,,
2016-08-06,Fitbit calorie adjustment,Cardio,1134.0,1,,,,,
2016-08-07,Fitbit calorie adjustment,Cardio,551.0,1,,,,,
2016-08-08,Fitbit calorie adjustment,Cardio,849.0,1,,,,,
2016-08-09,Fitbit calorie adjustment,Cardio,504.0,1,,,,,
2016-08-10,Fitbit calorie adjustment,Cardio,510.0,1,,,,,
2016-08-11,Fitbit calorie adjustment,Cardio,466.0,1,,,,,
2016-08-12,Fitbit calorie adjustment,Cardio,751.0,1,,,,,
2016-08-13,Fitbit calorie adjustment,Cardio,437.0,1,,,,,
2016-08-14,Fitbit calorie adjustment,Cardio,337.0,1,,,,,
2016-08-15,Fitbit calorie adjustment,Cardio,975.0,1,,,,,
2016-08-16,Fitbit calorie adjustment,Cardio,-424.0,1,,,,,
2016-08-16,"Walking, 3.0 mph, mod. pace, walking dog",Cardio,483.0,100,,,,,
2016-08-17,Fitbit calorie adjustment,Cardio,1038.0,1,,,,,
2016-08-18,Fitbit calorie adjustment,Cardio,771.0,1,,,,,
2016-08-19,Fitbit calorie adjustment,Cardio,618.0,1,,,,,
2016-08-20,Fitbit calorie adjustment,Cardio,391.0,1,,,,,
2016-08-21,Fitbit calorie adjustment,Cardio,267.0,1,,,,,
2016-08-22,Fitbit calorie adjustment,Cardio,420.0,1,,,,,
2016-08-23,Fitbit calorie adjustment,Cardio,426.0,1,,,,,
2016-08-24,Fitbit calorie adjustment,Cardio,213.0,1,,,,,
2016-08-24,"Walking, 3.0 mph, mod. pace, walking dog",Cardio,217.0,45,,,,,
2016-08-25,Fitbit calorie adjustment,Cardio,743.0,1,,,,,
2016-08-26,Fitbit calorie adjustment,Cardio,6.0,1,,,,,
2016-08-27,Fitbit calorie adjustment,Cardio,331.0,1,,,,,
2016-08-28,Fitbit calorie adjustment,Cardio,352.0,1,,,,,
2016-08-29,Fitbit calorie adjustment,Cardio,275.0,1,,,,,
2016-08-29,"Walking, 3.0 mph, mod. pace, walking dog",Cardio,290.0,60,,,,,
2016-08-30,Fitbit calorie adjustment,Cardio,440.0,1,,,,,
2016-08-31,Fitbit calorie adjustment,Cardio,417.0,1,,,,,
2016-09-01,Fitbit calorie adjustment,Cardio,364.0,1,,,,,
2016-09-02,Fitbit calorie adjustment,Cardio,677.0,1,,,,,
2016-09-03,Fitbit calorie adjustment,Cardio,351.0,1,,,,,
2016-09-04,Fitbit calorie adjustment,Cardio,509.0,1,,,,,
2016-09-05,Fitbit calorie adjustment,Cardio,315.0,1,,,,,
2016-09-06,Fitbit calorie adjustment,Cardio,185.0,1,,,,,
2016-09-07,Fitbit calorie adjustment,Cardio,515.0,1,,,,,
2016-09-08,Fitbit calorie adjustment,Cardio,744.0,1,,,,,
2016-09-09,Fitbit calorie adjustment,Cardio,500.0,1,,,,,
2016-09-10,Fitbit calorie adjustment,Cardio,343.0,1,,,,,
2016-09-11,Fitbit calorie adjustment,Cardio,456.0,1,,,,,
2016-09-12,Fitbit calorie adjustment,Cardio,166.0,1,,,,,
2016-09-13,Fitbit calorie adjustment,Cardio,514.0,1,,,,,
2016-09-14,Fitbit calorie adjustment,Cardio,101.0,1,,,,,
2016-09-15,Fitbit calorie adjustment,Cardio,435.0,1,,,,,
2016-09-16,Fitbit calorie adjustment,Cardio,421.0,1,,,,,
2016-09-17,Fitbit calorie adjustment,Cardio,1045.0,1,,,,,
2016-09-18,Fitbit calorie adjustment,Cardio,517.0,1,,,,,
2016-09-19,Fitbit calorie adjustment,Cardio,1773.0,1,,,,,
2016-09-20,Fitbit calorie adjustment,Cardio,2296.0,1,,,,,
2016-09-21,Fitbit calorie adjustment,Cardio,1252.0,1,,,,,
2016-09-22,Fitbit calorie adjustment,Cardio,1886.0,1,,,,,
2016-09-23,Fitbit calorie adjustment,Cardio,295.0,1,,,,,
2016-09-24,Fitbit calorie adjustment,Cardio,541.0,1,,,,,
2016-09-25,Fitbit calorie adjustment,Cardio,875.0,1,,,,,
2016-09-26,Fitbit calorie adjustment,Cardio,474.0,1,,,,,
2016-09-27,Fitbit calorie adjustment,Cardio,693.0,1,,,,,
2016-09-28,Fitbit calorie adjustment,Cardio,368.0,1,,,,,
2016-09-29,Fitbit calorie adjustment,Cardio,79.0,1,,,,,
2017-01-26,Squash,Cardio,658.0,40,,,,,
2017-01-28,Squash,Cardio,493.0,30,,,,,
2017-02-07,Calisthenics2,Cardio,450.0,60,,,,,
2017-02-14,Calisthenics2,Cardio,225.0,30,,,,,
2017-02-20,Squash,Cardio,493.0,30,,,,,
2017-02-25,Squash,Cardio,493.0,30,,,,,
